mouse,hr_change,geno,mass,geno2,year,pO2,hr
ME0816_005_A,48.03782919,HH,21.09,H,A,5O,450.9825
ME0816_007_A,-7.69168017,HH,18.63,H,A,5O,420.3780554
ME0816_010_A,27.04376951,HH,18.61,H,A,5O,339.8386308
ME0816_016_A,-100.1455385,HH,19.14,H,A,5O,384.1701357
ME0816_017_A,-17.21369453,HL,24.63,L,A,5O,323.5416216
ME0816_018_A,5.963834797,HH,27.72,H,A,5O,261.671777
ME0816_019_A,-102.6904762,HL,15.8,L,A,5O,283.6410256
ME0816_023_A,-52.63188687,HL,21.56,L,A,5O,329.2415584
ME0816_033_A,40.90842878,HH,18.36,H,A,5O,356.675
ME0816_035_A,119.8388564,HH,20.97,H,A,5O,472.5816327
ME0816_036_A,125.7044275,HH,22.28,H,A,5O,427.438125
ME0816_039_A,120.3857174,HH,18.6,H,A,5O,269.3221289
ME0816_040_A,141.052579,HH,25.4,H,A,5O,548.2482014
ME0816_041_A,18.12994493,LL,23.22,L,A,5O,207.2997429
ME0816_051_A,34.63735613,HH,17.18,H,A,5O,253.2700773
ME0816_058_A,46.14209492,HH,17.52,H,A,5O,380.8225617
ME0816_062_A,3.125587055,LL,25.47,L,A,5O,371.6371257
ME0816_083_A,-3.082035833,HL,23.38,L,A,5O,278.4619289
ME0816_085_A,37.38954856,HL,15.58,L,A,5O,318.1928429
ME0816_091_A,50.96477439,HL,17.12,L,A,5O,486.4783362
ME0817_002_A,11.78977726,HH,27.39,H,B,5O,530.2325301
ME0817_004_A,-30.9810231,HL,24.46,L,B,5O,310.8846154
ME0817_005_A,59.48706678,HH,15.28,H,B,5O,383.680056
ME0817_011_A,-11.54298866,HH,26.82,H,B,5O,537.5471125
ME0817_015_A,52.07238035,HH,20.5,H,B,5O,322.5682997
ME0817_018_A,40.68866126,HH,28.02,H,B,5O,389.5378521
ME0817_022_A,84.01019235,HH,32.35,H,B,5O,723.5424809
ME0817_024_A,41.13387248,HH,28.46,H,B,5O,351.4624413
ME0817_026_A,85.55293927,HH,23.52,H,B,5O,321.7508855
ME0817_037_A,14.08430415,HL,22.81,L,B,5O,447.1547401
ME0817_041_A,28.39463991,HL,23.26,L,B,5O,279.6088867
ME0817_043_A,94.63704738,HH,24.12,H,B,5O,410.7085271
ME0817_046_A,21.22817364,HH,22.82,H,B,5O,238.6703911
ME0817_050_A,37.69162116,HL,38.34,L,B,5O,467.9753391
ME0817_063_A,-15.31337375,HL,19.12,L,B,5O,256.5897959
ME0817_065_A,-16.9801249,HH,15.9,H,B,5O,273.5765306
ME0817_067_A,24.60315218,HH,16.56,H,B,5O,352.8594025
ME0817_071_A,66.9205287,HH,16.91,H,B,5O,501.5502703
ME0817_072_A,46.0039952,HH,23.85,H,B,5O,321.0152249
ME0817_077_A,26.26496019,LL,19.18,L,B,5O,362.240625